UID,DEPTH,AREA,pH,SMC,LOI,WEP,WEP100,MM3,M3,TP,AG,AL,AS,BA,CA,CD,CO,CR,CU,FE,K,LI,MG,MN,NA,NI,PB,S,SE,SI,ZN
1Aa,10,1,,38.55913495,3.008675771,4.929342754,,,16.26774235,,0.219689774,8635.568017,4.69574842,117.8291269,4022.015261,2.471965192,9.824985147,18.56169721,11.21210488,13279.05959,882.40524,12.24553586,727.3466764,1094.634318,39.43479648,18.51692377,16.30203096,252.4236576,,19.20630621,71.6086906
1Ab,30,1,,29.28132946,1.053631006,2.64,,,15.71262918,,0.141934078,5061.900002,3.255028689,80.21961526,2206.693488,1.700630272,7.433434718,14.08553362,7.436550606,9529.038353,503.5543886,6.236503885,427.6062262,538.7864882,23.66495573,12.64341462,14.46825064,101.1449532,,36.73535447,45.13181352
1Ba,10,1,,39.53659615,2.351805147,3.229784681,,,10.3786857,,0.191399009,6736.14764,4.655211596,113.3371433,4604.260905,2.495858497,9.054956124,16.79065249,10.83873225,13452.57691,881.0765713,10.70626229,674.2017447,1002.981243,33.08338299,15.88087447,24.55448138,253.1770872,,25.53802532,82.2363465
1Bb,30,1,,29.25186594,1.378232101,3.329556059,,,8.047269304,,0.29601916,4717.487351,2.574596687,83.86581342,2793.103397,1.413692649,6.928496191,13.35454491,8.024975289,10662.12519,630.7974543,6.89238958,453.4446871,613.9487876,24.8285582,10.96948808,23.25007422,135.2928095,,31.94830946,56.99585061
1Ca,10,1,,40.98238164,2.811948745,4.409853005,,,14.27315637,,0.29601916,3466.608735,,67.24823837,1688.658381,,5.475501245,11.09759663,6.306422488,9251.925532,555.3684787,5.152684583,332.5144283,378.5246469,19.6741278,7.849972568,22.78753973,96.96815536,,30.31182124,33.21894005
1Cb,30,1,,30.90985408,1.641542918,4.009064552,,,9.936464061,,0.212927253,5819.928083,4.891602839,92.97683238,3285.878253,2.026207159,7.733795458,14.36690535,8.555794833,11175.84139,607.162793,7.608873679,510.6056396,763.2095653,26.37150525,12.72019858,19.38173596,181.621888,,31.09141713,54.10859222
1Da,10,1,,40.52470914,3.415440857,5.06864836,,,5.711407676,,0.174483503,7996.368591,4.865973807,124.1012584,4348.158659,2.240215063,10.20351028,19.1993523,11.44584133,13200.16511,1048.591624,13.07722486,803.2588879,968.4270343,27.31958697,19.27835366,17.68280251,310.2573991,,36.33945901,65.08224018
1Db,30,1,,33.62768482,1.092785425,3.259130898,,,11.71191225,,0.130086973,9679.925093,2.261061307,82.04592953,1932.57814,1.674639217,7.049976137,25.43184039,7.700736489,9905.291755,1175.263647,13.75656173,751.8744922,425.7424377,45.38136658,14.64319287,15.45843349,89.27232052,,52.40128926,47.11882511
1Ea,10,1,,41.27142339,2.612798685,4.769364085,,,7.602343708,,0.239012722,7152.573265,3.634641366,108.5649683,3649.223598,2.451079986,9.006681457,17.86917824,10.1327386,13122.62081,870.9828441,11.62258703,676.2132199,910.8547073,33.21578123,15.57559065,23.23958033,196.6275361,,25.71225684,70.16413398
1Eb,30,1,,31.61737072,1.988140749,3.819618038,,,10.43425307,,0.251351612,7182.882272,4.45716621,106.44707,3355.378404,2.520127707,8.921737458,17.74473127,10.13494789,13444.22793,874.5958282,11.14066495,655.1665457,874.7788221,31.0393353,14.93379122,25.38670182,176.8978638,,31.05345375,69.10311397
2Aa,10,1,,44.65943269,3.045831477,2.66928819,,,6.155976211,,0.182318736,10494.20087,5.571075628,138.3690331,4934.913465,2.442622743,10.51780565,23.05766272,12.06388562,14488.34395,1182.317792,17.46022133,991.0229531,1003.279298,38.09532918,20.98053141,19.34126394,322.3198851,,38.29205836,70.08330093
2Ab,30,1,,31.38325557,2.133211956,1.529592109,,,1.710233883,,0.17680945,8824.034157,4.502761576,131.060272,3530.779954,2.34951324,10.5521248,19.90549435,9.776365319,13764.54968,896.8557791,14.08585514,791.2458057,1018.069668,32.71648281,18.9487564,20.7336339,209.131158,,33.63912027,59.68248946
2Ba,10,1,,40.21992326,2.356759136,3.038885742,,,6.82464807,,0.165056903,8267.926539,4.963641472,133.9145332,4401.403744,2.373771866,10.4518634,19.33914934,11.2444349,13908.03348,964.4331299,13.12644588,800.3022081,1012.346517,27.90111653,19.65871399,18.70502821,291.8544891,,31.4005573,65.10306699
2Bb,30,1,,27.34094056,1.263674578,1.209637109,,,4.099573561,,0.173491873,7551.825866,4.985927078,119.1954994,2194.757129,2.091989208,10.25237162,16.94019663,8.180131176,12748.31957,739.6720874,10.42628819,633.174197,993.2760088,23.18027671,16.54288538,17.48073954,124.1411857,,28.7116308,45.19654399
2Ca,10,1,,43.07649335,2.322141154,3.728881336,,,6.102845144,,0.237173072,7360.791937,5.592974284,110.0995554,3020.463996,2.451712671,8.843562384,16.73425973,9.877979735,13392.02395,822.0815458,11.3062267,603.6033242,806.6569395,28.11159483,14.30948472,24.02103439,191.6472438,,29.57450715,53.17691079
2Cb,30,1,,29.01984909,2.019087097,2.209263579,,,5.934087365,,0.240803276,7434.710947,4.863430114,120.7366076,3253.70219,2.50972686,9.488523008,17.49154146,10.5531375,13823.91313,791.0762895,12.64759371,639.0184398,905.24313,31.27684538,15.37617733,27.5434996,190.8376108,,29.38896556,62.84676198
2Da,10,1,,38.7923641,2.556032019,2.262622896,,,13.71546918,,0.202085516,9672.657283,5.023900185,128.0082612,4212.764498,2.73272676,9.971025962,20.53444084,12.01931491,14030.1843,1175.64329,17.47270962,780.1204336,1070.868902,41.93902513,19.27560183,16.07187815,257.8936768,,31.61316876,68.38891399
2Db,30,1,,29.30016189,1.817806469,3.338998301,,,8.323802479,,0.228609573,7034.409218,5.769147252,123.874443,2777.786002,2.545552618,10.19738456,16.2754043,9.895000977,13430.8696,804.6487931,10.44895492,601.9040476,933.787246,22.22464399,16.68909778,20.09208604,182.9545439,,25.65089252,50.67216034
3a,10,1,6.67,34.56433825,3.660813073,2.668265627,40.88569001,4.769205132,7.213268462,,0.23367388,7875.736646,5.595308484,128.1497707,4878.115608,2.475234541,9.630881511,17.24965504,12.38250451,13114.54757,924.0249138,13.44212761,663.8086966,974.4683203,35.00967393,18.16414907,16.1153568,318.6447376,,28.72791701,60.51359493
3b,20,1,,28.77400783,2.325225011,1.789880675,,,8.825445729,,,5610.839244,4.759644693,125.0490674,3049.650916,,8.374179666,14.91860846,11.34044367,15066.27141,720.4999498,7.957134894,515.6895268,967.7047813,26.7525845,12.82456759,38.03858311,264.8643141,,26.20306409,49.95918631
4a,10,1,,39.48283447,3.004820133,4.568477174,,7.688462308,12.65947817,,0.176382279,7497.295144,4.426121052,114.2248428,4124.925974,2.335333501,9.300777121,15.09519098,11.66351663,13013.83232,896.3783568,10.45042417,597.0434743,923.6086887,25.25669756,16.64348005,15.03114323,260.8460004,,31.0461924,53.89487532
4b,20,1,6.55,32.56069434,2.260545135,5.678107298,,12.73830156,20.55367614,,0.186793667,6070.303351,5.27862835,121.4880229,3492.517996,2.676773335,9.670730211,14.99482819,11.38830281,14708.26413,899.231731,9.284870008,574.1556568,1058.632659,23.31018056,15.77366655,26.48127859,225.7249324,,26.32718682,61.0601082
5a,10,1,6.85,31.18239872,3.547287601,3.318230277,34.2879992,4.628919919,9.547719941,,0.189729692,6200.930718,4.724305894,115.319307,4787.026119,2.385245363,8.988251934,15.03549393,11.01533149,13453.58917,857.879428,10.07335481,587.0990732,946.164162,25.12707701,14.99048705,24.26277951,323.4645402,,33.37118339,54.88299362
5b,20,1,,27.30713864,2.664890609,4.548938581,,6.389361064,10.49191769,,0.223413385,8361.66378,4.946749779,120.5732211,4251.378154,2.553223361,9.568829788,18.41242848,11.61577123,13113.18813,991.8144022,14.69526399,679.6464478,957.3446186,32.38885331,18.03236193,15.82044766,262.9317838,,34.80794747,59.94367812
6a,10,1,,33.37831513,2.902146399,2.229702706,,,11.65828868,,,4571.591282,,103.7923361,4334.769095,,8.002575894,12.56809425,9.29511623,13138.75091,820.0531328,6.487655903,498.7178444,887.3124888,20.43927402,11.93805536,30.64378391,370.7581439,,22.83377511,46.91327378
6b,20,1,,31.28460339,2.789402554,2.969406119,,9.529682344,8.767232143,,0.17641275,7712.575568,4.606580468,118.9226501,4014.352131,2.386736908,9.538440932,17.22971277,10.75560789,12976.91185,915.4495088,13.30954196,640.9504596,930.2997761,30.68670419,17.28055043,15.30942657,224.5920646,,28.02623384,53.57641042
7a,10,1,,30.32943984,2.94325205,4.599233461,,5.49890022,8.158709258,,0.209631463,9216.518101,5.105657228,125.0408946,4238.396282,2.545941441,9.852779302,17.18143492,11.69341393,14264.66216,937.5060869,13.49664668,675.4918939,991.4472283,31.17285207,17.79464465,15.45793251,290.7915155,,32.60116121,59.0228695
7b,20,1,,29.67710968,2.372010785,4.958347218,,16.0289314,12.99078461,,0.230897742,9181.726518,5.792332861,134.3659282,3536.117645,2.943517126,10.40907617,19.75765829,12.46746846,14347.29188,1015.03132,15.93093459,725.494436,1318.75704,35.97350474,19.24417079,17.98559132,203.9078454,,29.64143452,70.54395486
8a,10,1,6.61,38.36831289,3.298437509,3.538820393,48.58542437,8.419158084,16.32711339,,0.186374133,7124.037075,5.019559659,121.2558827,3865.261011,2.642801427,9.5488546,16.82333977,11.15594978,14541.68372,1032.693431,11.91589793,651.3110049,984.3840986,28.5507479,16.58783962,25.19650069,280.1069082,,28.79637422,59.83866582
8b,20,1,6.32,29.34728277,2.274322655,3.417493838,,9.818690841,10.93399507,,0.257652313,10652.35702,5.681015678,135.9042498,3526.027128,2.928300104,11.20468411,22.81119641,12.80044657,15405.68271,1327.066458,19.49829222,848.5393428,1156.486857,40.72102108,21.16842228,18.69352135,219.6204814,,31.17511938,71.87922032
9a,10,1,,39.8673608,3.023836046,4.029194161,,12.94870513,13.48955926,,0.198070795,9413.924368,5.337465344,123.5909025,4411.329712,2.569849402,9.6661185,20.19176081,11.97227918,13511.89705,1321.729561,17.24199681,800.8510363,914.1712632,36.56510612,18.9333571,74.9631531,303.6132192,,28.59521602,64.64349225
9b,20,1,,34.43766245,1.646660092,7.277816655,,21.91634728,76.38413811,,0.153499525,8060.05347,3.864510551,90.01837948,2222.786905,2.148587003,8.508302942,16.68624158,9.987932715,12298.72031,795.8589751,10.963889,564.1112635,585.635737,25.02672109,12.87110282,16.5018593,125.9518971,,26.34320047,45.91870744
10a,10,1,,32.80628724,3.042771527,2.57939814,43.28917771,8.188089446,9.433726222,,0.254770275,8238.504606,4.815655753,132.8024328,4976.824099,2.742867543,9.694369435,17.44541742,11.05493815,13545.81666,996.9519301,14.62497136,690.4568922,1230.962864,37.25058231,18.10574866,15.48635687,283.1118179,,27.81819267,64.0263391
10b,20,1,,29.71280908,2.169723578,2.179564087,,6.269582028,6.880692574,,0.130963804,5184.662401,4.192459815,98.23446879,2619.790118,2.072767666,7.714142833,12.30344799,7.888786544,11817.51602,646.674217,6.806266734,444.3076069,442.7429264,27.85376038,11.16016555,22.52431815,94.83495094,,25.94034395,33.21789228
11a,10,3,,33.19104308,2.686725702,2.049316894,,,13.0480927,,,4051.629549,,86.77136669,3590.159166,,6.801871967,11.01029275,7.587043234,11049.26411,708.1984136,5.918167671,429.1643636,761.3841567,19.98165877,9.589296243,26.49080368,261.52211,,24.14324322,38.26064028
11b,20,3,,31.14850574,2.526465545,2.699190243,,14.78802826,9.655988273,,0.196465129,6906.466398,5.002446047,108.2215021,3639.06396,2.387751883,8.825180869,15.58814265,9.433189819,11876.15414,898.4746145,11.72818071,575.8187365,902.282213,28.1756154,15.80138044,13.88019489,210.8947308,,31.36293229,57.68936186
11c,30,3,,28.1128431,2.154387001,2.828679949,,18.41815818,11.5479087,,0.177281216,6010.251205,4.445643796,99.23350951,2917.840543,2.290121205,8.229637871,14.35995342,8.897413446,12535.1077,784.0721057,8.996558651,500.9832801,845.6874934,25.00080428,13.54465654,22.19682552,162.8715886,,29.92424702,50.07711883
12a,10,3,,37.01951406,3.414065866,4.638917586,41.69583042,10.63893611,19.77220512,,0.198139535,8454.821214,5.100922103,127.2033413,4260.865458,2.437340279,9.379351318,18.03538133,11.77616768,13343.28029,1013.108009,14.8771634,713.3786893,877.5300647,34.87846361,17.79488514,16.13829201,266.0720714,,29.23861419,53.35869162
12b,20,3,,31.63685446,2.744275476,2.339688042,,,15.32928814,,,6382.691917,,123.6190254,3692.253765,,8.943465046,15.99039026,10.57849745,16421.37761,892.4601851,9.865961925,607.6392737,931.7996112,28.97666678,14.26648533,37.89258134,268.7727158,,29.24950545,55.31870735
12c,30,3,,26.05061801,2.639355272,2.699730027,,,8.953867689,,,5565.181281,4.790190583,110.9266911,3064.878889,,8.099184739,14.14218067,9.296007511,14644.9756,829.5235283,8.520949902,525.4756769,851.0980096,25.92907837,12.57667582,34.06729478,200.2641804,,31.84338128,49.99690328
13a,10,3,,32.94958417,2.920556791,3.509415097,,12.58874113,11.60965108,,0.21042017,8373.64102,4.780835666,112.8018739,3860.544613,2.297247724,8.84028881,15.73640092,10.08391164,12956.12426,972.0426289,11.8988491,611.5850548,860.0545964,26.61251249,15.83231431,14.60728487,253.5202354,,30.99069478,50.53457298
13b,20,3,,25.54579168,2.496373892,2.669021359,,10.4789521,13.78972103,,0.22916788,6666.791719,5.573006646,112.5830971,3158.830145,2.70344404,9.150632198,15.33911982,10.03649385,13981.15639,860.217489,9.854125396,544.0544992,1007.837924,26.42102071,14.6267541,24.65820701,196.8629213,,50.25511032,60.42976561
13c,30,3,,25.24756213,2.046667026,2.039456145,,,10.17656234,,,5090.995519,,104.7214279,2760.541116,,8.93079746,14.12645059,9.262076575,15120.81975,750.4657486,6.659928979,480.7447187,1010.62511,22.2023485,12.2670773,35.86633787,169.118321,,36.62129971,53.41238666
14a,10,3,,32.68644385,3.034287003,2.668487857,44.77761119,10.30828195,19.04370773,,0.174039344,7318.63851,5.453382491,120.2555257,4014.156938,2.438309841,8.920597158,15.82587784,10.57862442,14054.94682,919.7320413,11.36625109,605.6410376,880.3171452,28.39338844,14.84211007,25.02679286,292.4474342,,43.29834221,55.02992775
14b,20,3,,28.15079947,2.271378884,2.578281146,,12.77957401,10.65016,,0.190009566,6790.195784,4.418491064,111.0801908,2927.76814,2.489084324,8.616006413,15.19005616,9.834888041,13750.13437,783.8632836,9.754186582,534.683125,811.9722026,27.26575919,14.10669152,24.36448004,164.2493884,,150.6097722,49.30219923
14c,30,3,,26.72515653,1.940565205,2.979106268,,14.81901207,17.34512012,,0.167684147,4855.637829,3.441681257,86.92130801,2139.989092,1.908292827,7.049104271,12.342211,8.406363199,11344.75264,573.4186681,6.274353933,393.6923992,519.0147178,22.52133862,10.87706411,23.50739708,127.5396651,,40.41562651,38.20555441
15a,10,3,6.55,29.92177671,2.45396721,4.729054189,,7.729484701,11.82137359,,0.152948673,6046.956043,4.474230145,106.1619884,3713.824885,2.023402496,8.061276899,13.85386582,9.50896802,11056.77651,742.0362157,9.51798885,536.5751644,784.8172469,24.38046451,14.6671595,14.05049964,252.0075186,,31.48127645,45.57424493
15b,20,3,6.19,27.03324345,1.947182966,3.548580568,,13.68908739,13.6235059,,0.171477592,6129.854984,4.3052145,109.1222886,2577.270644,2.237229259,8.804445387,14.53985813,9.502335836,12209.98875,660.160302,8.677131651,499.2424402,809.839224,23.19181131,15.0095179,15.76923774,127.9228928,,28.09075048,46.33164126
15c,30,3,6.37,26.33229021,1.766388479,3.307464277,,9.909009099,11.07874425,,0.121737144,5058.648832,3.441536485,85.92347765,1959.896952,1.796815883,7.173861279,12.94820229,7.834531502,9677.867856,537.6243291,7.17254136,403.5357889,484.3787968,20.42605107,12.410183,14.10201456,92.5563752,,21.49670844,35.63720371
16a,10,3,,34.22769987,2.820772662,3.008094873,53.57856857,12.28877112,11.39562161,,0.210130547,6151.489746,4.934589557,108.7557586,3481.348047,2.341513129,8.277002095,13.78127485,9.753342412,13170.06736,855.0393854,9.11810281,539.2940827,948.9329346,23.44471474,13.57010917,22.16244704,248.9191542,,43.48586107,54.60206222
16b,20,3,6.41,28.23568244,2.190324118,4.737473348,,10.77856286,9.324231923,,0.213624511,6717.573039,4.732152644,115.5182902,2882.603982,2.455415734,9.621003781,15.69557731,10.28527573,13193.47113,804.3433864,9.687856402,565.5427856,944.489777,24.17329998,16.14227437,16.46813025,140.1230935,,29.58350027,51.37208623
16c,30,3,,28.90263487,1.931118142,2.069793021,,,8.736684321,,,5082.437112,4.754814113,107.5343941,2627.118094,,8.254563831,13.75495857,8.980506493,14457.79904,759.7949796,6.948087689,492.4561132,914.8201455,21.05299916,12.0166679,34.25787413,151.8599235,,30.42736817,48.01062619
17a,10,3,6.46,34.10146216,3.148487766,5.046635576,,9.8,10.2797481,,0.186844432,7506.941517,5.091106347,109.4900283,3805.125278,2.247390711,8.535090052,14.63928147,10.02832891,12352.37886,886.0429886,10.79653454,582.940473,871.2187838,24.50381819,15.29536021,14.07389507,259.8906965,,31.01000823,52.38054235
17b,20,3,6.35,27.23548351,2.084674528,5.368031722,,16.76664667,10.38563956,,0.227231755,7823.571654,4.430764141,114.0189156,2756.840549,2.44373621,9.293646146,17.47929515,10.10808884,13047.5533,993.9353697,13.19260431,635.4112082,950.7797025,27.34994874,17.13247848,15.70603037,140.6592115,,22.11412912,53.31997729
17c,30,3,6.45,26.48474399,2.024865533,4.336675216,,19.9060188,10.59775438,,0.190232673,8107.479105,4.658293134,117.0120456,2659.712971,2.413916377,9.300810375,18.82412229,9.970978468,12610.45326,1050.326117,14.24819161,657.0392724,916.6541143,29.58092458,17.58090004,15.86030339,128.6923522,,25.72351408,51.85535741
18a,10,3,6.43,29.73893167,2.229145773,4.43718978,42.08527016,10.9481753,14.79188487,,0.171959196,8641.884663,4.740034769,117.0775998,3016.819382,2.346321817,8.95252329,19.54828047,11.48482717,12503.90255,1034.856584,15.45268326,666.2794473,775.7550177,33.31893666,17.42837159,16.9538461,166.9754501,,49.95332761,53.68883408
18b,20,3,6.46,28.04027091,1.687870147,3.217961957,,7.658978803,11.34439112,,0.15073077,7917.742346,4.438729547,102.4437127,2382.896915,2.064592004,8.381674584,16.34431149,9.286366193,12180.03826,750.4274148,11.24484292,519.386717,613.6727535,26.37010779,15.11452032,15.85978318,114.3558437,,48.08065982,43.5010231
18c,30,3,6.41,28.73089934,1.802403396,2.838769866,,8.069193081,11.34363503,,0.165865392,7176.837654,4.268495089,96.47221513,2463.506247,2.092858128,8.196643009,16.94309338,8.840409985,11445.96508,783.9565695,12.00477701,534.5830301,399.3765788,27.95062652,14.84356781,15.79619112,98.34402198,,38.90676908,39.51073656
19a,10,2,6.86,15.10669175,1.264011036,2.508244229,28.58570715,4.899183469,1.237343776,,0.158133283,5513.306321,3.8366512,83.14033898,3041.338022,1.751236549,7.237591472,14.75102061,7.35734289,10733.10885,660.565198,9.243069493,446.3288877,644.9770434,26.44182956,13.16016908,11.54024969,179.3866007,,45.99713377,36.86143115
19b,20,2,7.11,18.50848084,1.984353563,2.817558116,,5.549630025,2.618584425,,0.196838589,6183.379608,4.336712472,95.77177958,3518.759316,1.998060566,7.96852306,15.95778759,8.571771213,13343.87578,754.699892,11.12091822,504.9982821,742.4726937,32.71278686,15.04464957,12.87870633,198.3716095,,45.8188279,44.5637637
19c,30,2,6.93,20.38221473,1.846950258,3.257068638,,4.75904819,10.90774486,,0.188908532,8976.031664,4.397593394,103.5072887,3439.522048,2.149283966,8.450138523,18.99347398,9.413376861,12204.21535,939.2390448,14.40974558,585.2712979,766.2999095,41.95762244,16.412854,13.24260108,180.5129396,,35.373251,50.49415144
20a,10,4,7.11,18.70846328,2.041592696,2.937356379,,6.899310069,10.12207818,,0.191363333,7835.235028,4.285919692,91.01704337,3308.429598,1.896714954,7.7672881,17.18463362,8.335085288,11252.60453,929.2242383,12.23724671,576.0479912,685.0208985,29.63284421,14.83793114,12.86539298,204.9640563,,45.85839163,42.84826187
20b,20,4,6.72,22.66674165,1.148615463,4.136966225,,8.288342332,11.185003,,0.180833516,12163.41782,4.232682942,116.1842414,3224.119937,2.350422134,9.292092465,23.97962014,10.61355225,14822.48707,1298.568681,19.50189693,778.4205629,833.4915542,46.81747669,19.14333167,14.78895574,172.5631481,,42.88690669,56.69528778
20c,30,4,6.93,21.68972938,1.732735987,3.647082334,,5.929209439,9.748235765,,0.176259195,7011.895342,3.975384395,99.17866601,3271.857528,2.01537393,8.278840975,14.97730667,8.899754048,12659.06316,723.2122253,9.865276445,504.0602115,781.4363073,26.52896043,14.92512738,13.64899437,179.6303061,,37.03374139,44.09150468
21a,10,4,6.47,18.19331998,3.163415407,4.879186802,,6.93,12.51156948,,0.146917959,9570.645549,3.922160775,104.7455682,4251.209378,2.02755067,8.108856707,18.00443873,9.151881036,12399.54275,1106.460999,14.27050689,674.9228834,765.0584492,32.51121537,14.93872994,13.53529587,290.6221533,,32.38189858,49.66572491
21b,20,4,6.2,18.82780111,2.298152782,4.147787846,,5.65981134,14.37228647,,0.181307783,11478.83213,4.227932195,120.358408,2916.637863,2.326215009,9.04823979,22.0563242,10.54684417,13882.52371,1328.443673,17.65359271,786.9759865,844.4407392,39.26661679,17.30895295,16.1748237,228.8021569,,30.89360644,60.83873041
21c,30,4,6.11,17.87094611,1.834847602,4.348840309,,9.178776163,12.66840352,,0.208346234,11478.22999,3.919584266,122.4252761,2673.303392,2.394284057,9.572506313,20.83380032,10.42646866,14887.1323,1235.261673,17.17472602,759.6962176,888.5817703,35.83647827,17.35981978,17.65273915,177.9585501,,43.51956718,59.64042135
22a,10,1,,30.7445923,2.43780545,3.569524063,,8.46,13.25483989,,0.234952052,8166.851917,5.124489227,125.9441107,3774.950804,2.569142945,9.688016378,16.50029731,11.22588435,14771.99394,908.3211575,12.40411933,616.5963507,1211.782462,28.47120144,17.9068415,16.17817079,218.023036,,38.38742483,60.40935086
22b,20,1,,26.77693652,1.619374459,3.23935213,,8.799120088,18.0924246,,0.134963688,7344.132228,4.488131868,103.0171578,2733.439962,2.210145676,8.334238297,15.72649769,9.006494783,13643.06002,739.1060398,9.866183756,509.9055198,799.0844355,26.13202381,15.24802733,14.46745147,125.4086276,,42.73184006,49.71510926
22c,30,1,,24.58891324,1.164862085,3.128644254,,10.88745959,10.65512966,,0.136630858,5768.126314,3.49596783,75.78506068,1915.464259,1.643974442,6.722053867,13.8324917,6.507275074,10284.19641,594.524496,7.769420551,396.3687828,468.0754021,22.2054847,11.78845719,12.16670139,82.54972207,,47.73701925,35.85044185
23a,10,2,,29.98288771,2.209068463,1.968490824,33.39332134,6.149180109,6.616538346,,0.189859283,6685.917357,4.147116318,91.56896736,3492.771762,1.809641387,7.715069058,13.59441942,7.967905552,11543.29621,721.9425011,9.479770897,496.3985369,735.7232753,24.86228958,13.16584456,12.60049268,174.8004117,,53.89921581,37.33456025
23b,20,2,,27.47218503,1.994283696,2.309538092,,10.30828195,7.729275362,,0.206130326,6954.756601,4.504566024,93.82475296,3578.010207,1.931956485,7.875002992,14.53177575,8.047534075,11992.96368,722.6465453,9.904665252,508.7956074,749.6475567,30.01329699,13.89297787,12.19683448,177.7224755,,224.8429535,43.88421892
23c,30,2,,28.74825694,2.244337984,2.338908509,,7.73845231,8.896289141,,0.197914975,9495.20641,4.744147532,104.9945689,3969.009951,2.137730812,8.508268263,17.9466435,9.321826464,14174.29985,962.7219545,14.2386696,636.3500935,815.6483994,36.62547901,16.5836559,13.49547656,196.5772069,,73.13212601,48.86071354
24a,10,2,,28.1956991,2.373503736,2.338986439,35.19648035,6.429142781,10.38453873,,0.202263304,7114.54028,3.72555956,96.58026144,3798.334995,1.887997965,7.891582935,14.06511879,8.265350607,12400.56304,711.4293241,9.484937224,495.3897457,757.1669292,27.02136242,13.75338682,12.5898291,206.7155819,,42.97675762,40.52329235
24b,20,2,,27.10418233,2.172520478,2.04904378,,4.789361418,8.526261078,,0.156489016,7164.287061,4.472085438,96.00868794,3576.824133,1.921932201,7.919991449,14.61967744,8.181698737,12502.18451,710.868856,9.904519257,491.332269,745.5744134,28.68608384,14.03315249,12.71257051,196.9187766,,31.98759026,41.85844378
24c,30,2,,27.37904766,2.352058561,2.169783022,,,9.64392975,,,4002.289879,,89.81566158,3311.624026,,6.941312884,11.37085104,7.637954392,11586.88544,620.6329436,5.726855255,384.4790252,768.5182066,21.68363337,10.26302222,27.16768596,211.3409518,,27.05528143,41.43217612
25a,10,2,,29.9729783,2.834797965,1.899620076,,,8.209758048,,,4658.695918,,108.4163802,3947.78616,,7.774254408,12.94843036,9.585436168,13249.30318,672.4072832,6.313815724,469.3660137,869.2505506,22.00037596,12.14125891,31.25796753,328.1804387,,31.8042284,46.63980183
25b,20,2,,25.31184618,1.906087377,2.638856496,,5.749233436,17.40229969,,0.214865381,8529.382819,5.021194432,124.9906432,3563.632729,2.474135834,9.186624832,16.61385962,10.71707849,15352.96021,769.6607364,11.25013361,563.0325463,889.5621924,30.16886609,17.22630812,16.23979665,177.0913898,,34.13031817,55.66759409
25c,30,2,,26.35706365,1.895500998,2.979304829,,6.249166778,12.45720188,,0.204975825,7603.393208,4.779863962,119.210002,3280.720616,2.357991026,8.863179263,15.43696621,9.929381676,14681.10465,688.7597861,9.646168455,510.4092856,798.7689474,27.82041813,16.29439885,16.15689381,140.7770682,,35.09577816,47.90722862
26a,10,2,,23.27657202,2.418838173,2.709096968,41.98530514,8.929107089,7.354051084,,0.137536007,8027.367261,4.041680774,90.26437591,3551.555271,1.77496769,6.849355062,17.12988786,8.233485246,11839.80154,930.056037,11.12493991,566.7453365,599.5393684,26.52102802,14.62896117,12.75009343,207.3089625,,64.01903898,38.49728795
26b,20,2,,23.40788702,2.142074707,2.449020392,,8.74854191,9.695441823,,0.177193212,8461.788624,4.654757182,100.4212305,3494.405111,1.980637822,7.51278553,17.80125364,9.213323763,12427.49694,953.9152633,12.28863335,600.9370871,681.6380047,28.24356472,15.93860687,13.38144536,215.9163857,,65.57750282,44.02915518
26c,30,2,,26.02329822,2.44298574,1.689662068,,,8.733484283,,,4205.622277,,94.20585838,3552.343904,1.005198675,6.628623565,12.37610283,8.465255228,11124.81073,677.0726279,6.193761497,421.4982336,679.5537153,19.01032451,10.93044396,27.20754169,673.9886408,,31.12197208,40.05142354
27a,10,2,,28.48992041,2.317001772,1.97934022,,,7.620001998,,,4691.387058,,91.40772976,2953.095538,1.058544781,6.649930334,11.93413386,7.71609861,11449.92978,691.0048487,7.155323246,456.371593,751.5937008,22.25051712,10.62334106,26.64658341,192.7746596,,17.94346635,43.73038852
27b,20,2,,27.06768373,1.679736949,2.339922003,,,144.6026187,,,5830.851912,4.705368643,112.9831118,3019.108869,1.323336082,8.216921104,14.97942306,9.432621683,15302.95483,772.6286325,8.663541449,530.7502192,874.2861222,27.88898412,13.39258097,34.93397344,171.5002026,,17.16294992,51.86512741
27c,30,2,,26.52586694,1.52492424,2.358742004,,,9.691566747,,,5309.111985,4.887424763,103.3300554,2729.175542,1.178027773,7.824596181,13.89672309,8.692487841,13949.47293,711.5510228,7.798121147,478.5151039,769.7760745,25.81137831,12.25171132,32.27373388,153.1093487,,28.86779862,46.15666325
28a,10,2,,31.81161357,2.616352201,1.908663935,,,27.74749675,,,4400.901803,,91.83410152,3481.005526,1.029498857,7.083005535,11.64599723,8.170131409,11782.23283,697.5850435,6.440653428,446.1888541,726.6855742,22.2151035,10.64987309,27.93998043,276.5245465,,34.27272227,40.98371093
28b,20,2,,27.12706987,2.11550858,2.218742712,,10.0689931,10.70790921,,0.175660091,9807.873738,5.368605151,123.4356621,3502.586683,2.51047972,9.664979474,18.788587,10.9674771,15912.91235,973.8581154,15.15565869,664.297267,840.9239478,37.18768016,18.14973952,16.31138165,185.0350935,,70.77295052,55.58922296
28c,30,2,,26.53019797,1.821039667,2.078891258,,,12.19202319,,,5350.187334,4.859023107,112.1858425,3162.500975,1.300094697,8.626421512,14.24017289,9.458740755,15443.03362,739.4687137,7.487974672,503.2108944,857.2152425,28.71467943,12.78467329,35.57300783,176.6998368,,23.57918275,48.1088549
29a,10,1,,29.47432,2.307713192,2.229034085,,,9.642001799,,,4232.60525,,102.5931007,3762.042126,1.202811532,8.043150346,12.05252212,9.29655052,12956.63878,691.9217158,5.382587152,456.7133741,852.6626887,17.45618787,11.81710743,30.36938255,283.3553344,,38.56030498,47.33987508
29b,20,1,,27.70891816,2.023558003,2.02979702,,5.959006832,15.79620342,,0.217873072,7866.678463,4.825488833,117.7101523,3402.594507,2.440623669,9.334742946,15.25627602,10.87149189,15492.28169,774.8539952,9.636911546,545.9759545,830.0397366,24.9690839,16.79474528,16.14638821,188.4424985,,38.42560488,53.88285439
29c,30,1,,25.63527447,1.812577383,2.938530735,,12.33753249,12.72490669,,0.160581545,9323.232402,4.756857264,113.5308453,2982.804757,2.339434643,9.005564515,18.40188769,10.27670715,14486.14521,949.3838852,14.27077649,639.9548132,723.7673262,31.38483908,17.07517095,15.77475724,158.5898835,,62.96915134,53.07122832
30a,10,4,,34.75438833,2.619250787,2.219556089,,8.878224355,6.504848808,,0.199175274,7148.511881,4.808281008,106.4888409,4048.127705,2.057906294,8.681326399,14.31234115,9.363994292,12725.889,777.0796275,9.873111203,563.5241229,838.5769076,25.09281772,14.69874731,13.59475888,251.2905925,,39.54900201,43.5380203
30b,20,4,,34.26671297,2.349423601,3.237841439,,10.15932271,8.368588376,,0.178937777,8832.349399,4.647880635,118.3004811,4022.161111,2.426760481,9.458329668,16.47608719,10.45123483,14938.90023,930.7342606,12.76381889,652.5530288,894.6193175,30.12569412,16.86332532,15.15876139,251.3487499,,42.18450431,55.03150011
30c,30,4,,32.21218281,2.470524873,3.059082275,,9.809346044,13.36375271,,0.211197904,10268.35526,5.729962381,129.9868168,3561.728927,2.693517652,10.57303731,18.49824635,11.16669131,17464.02988,1035.670576,14.64750382,708.2984246,1012.462422,32.1129647,18.74271023,16.97827855,209.8580241,,42.03947152,61.47963793
31a,10,4,,36.79578813,2.327331121,3.079178886,37.68492603,10.35861885,11.01753697,,0.179449093,8665.862726,4.276682378,101.6962476,3892.448396,2.008949487,8.385073651,16.35556155,9.11402801,12984.36809,1010.024051,12.68059153,615.8676495,788.962832,27.10541187,14.98261732,13.39255299,240.9203882,,62.0942998,44.41421355
31b,20,4,,33.12317351,2.210997273,3.709258148,,11.56,10.63988018,,0.203851052,9192.476644,4.232399709,111.92193,3598.541036,2.252220368,9.267058573,17.3285718,10.33365657,14579.5562,1014.957445,13.29560723,628.9364659,849.229107,27.71809486,16.82741657,14.70870067,222.2890463,,50.36620352,51.79819298
31c,30,4,,29.82179327,1.835521874,4.427786107,,10.79856019,14.53166928,,0.189557196,10439.09481,4.700915731,117.7966981,3109.015422,2.403112642,9.653238757,19.75401743,10.46376273,15594.74353,1135.052054,15.67232188,693.5543361,871.9250895,31.6172157,18.11827753,15.3388245,167.7483585,,46.45034886,55.50994995
32a,10,4,,35.22553533,2.194484344,2.479008397,,5.689051825,7.834980178,,0.185787783,6347.01706,4.140784434,94.39350287,2845.452968,2.035117425,8.368565593,16.2654661,9.232040554,11620.10344,838.1248915,11.99645889,578.9491404,811.7743863,58.04672549,12.55804222,33.66091579,160.5370915,,51.47133121,45.87876187
32b,20,4,,32.57913332,2.067363668,2.279164306,,3.749750017,10.64838613,,0.203261892,7156.343885,4.347467904,106.4944115,2910.690827,2.311495538,9.168636619,18.02118423,10.89338788,13254.53974,907.9357131,13.86096823,631.9930393,920.8902498,61.69825975,14.2109162,37.69799553,155.7219754,,43.47316458,54.22213807
32c,30,4,,32.03000058,1.782450159,2.698830507,,5.579442056,10.75674163,,0.215442312,6648.238143,5.338026527,105.1245659,3389.847781,2.249840964,8.832919896,16.2894804,10.27622221,11903.70328,815.6413905,13.16250448,621.9201702,950.4447882,59.56630713,12.93169646,35.9579129,206.3400089,,56.69431604,54.2604089
33a,10,4,,34.91193015,2.565370623,2.85847548,,6.579122784,13.39991346,,0.189019642,7432.23722,5.242705756,120.051768,2988.473904,2.483687888,9.779608716,18.08773404,10.64594874,14175.87025,888.2194889,14.28910814,652.4964516,999.520925,62.41413475,14.37984189,40.52766692,145.9248898,,53.63561808,55.68279143
33b,20,4,,28.90000896,2.135405578,1.928842694,,2.279468124,15.20813717,,,5330.38252,4.73891251,109.8611559,2524.329842,1.995975795,8.596543115,13.03562819,8.912548668,11476.10093,661.126534,8.449556362,473.2632845,693.4396639,55.46083717,11.57246607,33.28552799,,,64.6602282,37.32441742
33c,30,4,,29.33429151,1.860709831,2.348825587,,2.499916669,9.480439707,,0.167764002,6287.510523,4.241155807,105.5154813,4476.499198,2.234448528,8.625847825,15.35686693,10.59422135,12428.74222,833.7017408,12.16482837,635.0222818,941.6938927,60.5948931,12.55268841,35.99194686,253.7845095,,51.89851548,51.78599084
34a,10,4,,39.27950092,3.626447313,2.7986007,,10.13831028,16.26753221,,0.210013181,8100.64266,6.200790399,124.6620567,4535.301613,2.726930403,9.920205931,19.00305993,,14491.2448,1000.41877,16.40447091,730.8264226,1164.376723,70.06478311,15.63182983,41.33910681,237.4769412,,64.92183687,65.68832016
34b,20,4,,38.07635257,2.800662674,3.258479376,,7.719485368,14.10288856,,0.269030469,7427.92695,5.306905344,130.3607995,4234.275278,2.959764919,10.06565036,18.12968825,,15177.89414,901.5683211,14.57083632,677.1939557,1284.528884,68.08243629,15.62987519,42.93807939,208.6544018,,63.3437826,72.21340773
34c,30,4,,35.42139831,2.706202073,2.928535732,,6.899540031,17.13206717,,0.19970151,5861.517867,4.486962947,102.6808596,3470.327986,2.239892417,8.754939904,14.98179154,10.55300344,12667.3497,863.8471848,10.69967263,590.9836205,921.6219971,57.14141581,12.69261656,35.6586116,224.8624002,,62.26155254,56.10948183
35a,10,4,,38.08164357,2.787756734,3.559169527,,9.797387363,16.06273439,,0.17669944,5971.560786,4.691659972,103.6181188,2723.694116,2.40304797,9.049995666,16.0646199,10.63288342,13358.15556,761.9174285,10.52821637,569.2566755,786.6546766,59.05883558,13.29507625,39.463018,139.2640639,,58.2440429,55.47653892
35b,20,4,,28.57644916,1.801179547,3.568215892,,8.839410706,20.33015197,,0.160692946,5319.065757,4.002783739,90.97816389,2273.277441,2.16116934,8.433148575,15.24881279,10.63890698,12601.55555,635.7511073,8.56799279,486.1026239,523.8833925,57.28563512,11.44506428,39.12410113,,,108.3025759,44.61017123
35c,30,4,,31.84635724,1.245396461,2.829245535,,18.02759632,26.32216346,,0.175732157,5452.768336,5.000056996,106.5394698,3553.424303,2.129157521,8.743291327,14.35803561,10.38867612,12491.42444,789.522772,9.516984583,559.1467005,929.2440182,55.42939626,12.35850602,36.13145359,220.5272382,,61.91272273,48.12187633
36a,10,4,,34.93857443,2.239875993,1.999533442,30.08796481,6.068988502,9.432240128,,0.208953309,6470.20723,4.484074046,115.9435004,3133.75593,2.442941365,9.673791945,16.59057291,10.73945382,12928.32534,798.7724587,11.79008385,618.4250363,934.3833693,57.28561575,13.9105335,40.25080384,184.278695,,57.85938448,54.25803155
36b,20,4,,31.5376214,2.312244046,2.068965517,,4.189301783,11.54733944,,0.168369002,5316.358335,4.777738186,101.1605304,2431.786052,2.185048349,8.819986593,14.59497909,9.649300321,12538.84214,660.2793563,8.744263384,511.8010654,755.5118457,54.85701991,13.74381595,37.72418873,122.8461793,,72.98357095,45.29019042
36c,30,4,,28.25078509,1.361873253,2.869043652,,8.148641893,3.275102408,,0.167472408,6659.136469,4.127067961,97.54798697,3180.056244,2.089792533,8.052047517,16.95472115,9.123633688,11445.11304,848.9763077,12.79433125,632.3328948,858.231548,62.49740299,12.18278197,34.10657016,220.7044786,,62.3805066,51.33013143
37a,10,4,,39.08089118,2.79938776,2.228662802,,3.66975535,0.684685063,,0.220473335,5924.647018,4.803542777,116.1899816,2662.260901,2.529731336,9.754210133,16.59977374,11.02494797,13697.45155,670.6199363,9.192937337,565.6128646,1191.230383,56.22027347,12.74741592,44.9795499,136.0923712,,52.74693761,54.36359971
37b,20,4,,29.27993787,1.779248253,2.798321007,,3.659756016,4.0001233,,0.185281988,6161.637622,5.157604052,114.4413308,2552.353049,2.403742123,9.226743321,15.83813129,10.10637786,13570.72245,692.6134664,9.900865772,565.9224798,1001.798715,56.8503155,13.51274065,42.1813553,125.2606857,,60.12170395,46.07131372
37c,30,4,,29.08654302,1.436724392,1.809336577,,6.189587361,0.960961776,,0.16316593,4280.049651,4.451347023,90.14504063,3284.511904,1.857663982,7.395852925,12.07116372,9.253516907,10088.37098,689.9681778,6.933424138,485.3343188,770.0126297,,10.49772426,30.08869974,221.4233635,,64.31122281,42.38898322
38a,10,4,,37.98535649,5.44749309,3.387741506,34.8,6.898850192,4.508846724,,0.176423634,6751.443654,4.283059597,100.4728808,2842.140391,2.108430086,7.823322693,17.07285361,10.95286811,11324.89227,859.5770844,12.90207343,635.8768561,769.1949194,60.24072051,12.52380645,34.90548625,175.1926706,,48.81634375,52.13972801
38b,20,4,,31.3760927,1.408551566,2.259021091,27.49862507,2.569486103,8.097219429,,0.146753659,5371.554603,4.223801436,83.93546063,2088.110489,1.948901669,7.973433733,11.56639069,8.701314434,12104.19638,693.4237432,6.569243266,504.1838601,628.1701088,55.54298888,10.15391398,34.46279619,,,59.78674271,34.74376512
38c,30,4,,22.45322245,1.024898215,1.599520144,32.09197701,6.469353065,1.838413671,,0.167108123,5392.407372,4.351400461,89.60073977,2437.899033,2.061468272,7.749085592,15.5237721,8.76037599,11298.21343,681.358618,9.991056561,505.4215962,758.0304609,57.09372702,13.43519062,33.33250744,111.8727851,,44.68862241,47.59902587
39a,10,4,,30.47232616,1.307460753,1.848705906,,,4.763767402,,,3619.814888,,75.4662381,3071.139972,0.857290671,6.137436997,10.4236682,6.367810261,9760.117666,611.8109635,5.133524962,367.824128,653.9557195,15.50320984,8.787729224,23.32412668,193.9083087,,30.9795391,33.42322849
39b,20,4,,28.38391385,1.863968332,1.899240304,,,3.996353518,,,2810.745159,,65.31505752,2414.516864,,5.849894143,9.562174068,5.503821049,8636.654913,487.3733915,3.462276898,287.2252087,577.9155654,14.3502179,7.927216112,20.39225218,153.6072042,,22.81365959,28.00652281
39c,30,4,,27.24989535,2.062002453,1.919104418,,,4.099487402,,,3369.33502,,75.4520661,2785.225401,,6.406385061,10.60938785,6.508599245,9821.138731,539.1887068,4.546086919,327.1320506,652.5175719,17.37041169,8.857081216,23.19150945,180.4735845,,26.9998766,33.28271583
40a,10,4,,NT,NT,2.789349152,,,7.746296951,,,4175.219493,,95.49657537,4016.62959,,7.376367188,11.34609489,8.198865552,11884.83575,690.6640055,5.878782708,447.5156935,813.782006,20.5752968,10.17255175,28.32794149,807.3903067,,34.07724047,41.26281283
40b,20,4,,NT,NT,2.778147901,,,6.868277493,,,3932.108138,,100.8684365,3846.420659,1.058086954,7.782575274,11.28411161,8.683472172,12207.1085,636.0661153,5.163926789,421.4183137,865.1233759,20.36867411,10.52039472,28.45028846,278.5129025,,38.00864446,43.12076746
40c,30,4,,NT,NT,2.258945825,,,7.278671196,,,4398.904597,,106.8707589,3709.288457,,8.204765637,12.36481538,9.16424515,13548.06934,670.6273244,5.980629217,448.1802199,933.4613554,21.9988731,11.62083394,32.2198619,296.6535381,,21.45878942,47.93359764
41a,10,4,,NT,NT,2.518572809,,,4.401968512,,,3679.6506,,86.75196395,3128.233154,1.003265673,6.847110016,10.36522237,7.44920307,10928.33418,598.5513297,4.96420488,391.6300122,761.5552716,27.78894443,9.040305801,26.04770825,250.1244306,,31.81514937,37.24423335
41b,20,4,,NT,NT,1.919680053,,,9.080285238,,,3545.181175,,92.8610086,3236.192988,0.960076019,7.200793419,10.36949083,7.723699939,11188.63662,571.6716839,4.518162402,373.7129396,821.4388094,19.64695101,9.915799092,27.2371334,233.9744704,,33.89001366,39.54530796
41c,30,4,,NT,NT,2.368973445,,,9.903315337,,,4112.44335,,105.9270502,3475.244969,1.141337236,8.082653726,12.00452538,8.948119554,13010.73238,640.4558458,5.58823292,418.1845382,936.0568461,23.09682706,11.59572804,30.36812048,282.5222481,,34.11876928,46.8162017
42a,10,4,,NT,NT,2.828774198,,,9.338314,,,3578.416338,,81.84556178,3099.918168,0.980394131,6.874324367,10.86685047,7.261544462,10482.01018,722.0976429,4.900413769,396.9461928,725.5628291,17.45804377,9.210989689,24.07726104,238.5942559,,29.07420182,38.41085455
42b,20,4,,NT,NT,2.959309494,,,3.633670962,,,3754.191765,,90.33980426,3229.982856,1.087119448,7.262234034,11.58599444,8.147160843,11567.84609,713.3659112,4.892037515,409.2285467,801.8719529,15.64521206,10.42561357,27.00696863,264.4234056,,21.75196416,41.95096416
42c,30,4,,NT,NT,2.419193602,,,8.208859485,,,3876.136629,,97.12723621,3189.126247,1.230846533,7.67612335,11.76868254,8.63984717,12277.56681,703.5471827,5.085520317,408.6756022,901.9755029,16.11817567,11.20741474,28.42841297,272.7637857,,23.6295069,49.30363219
